address,type,label
0x00000000000a0b40b4d032f76ce7f7ebc27f8d55,benign,0
0x000769363bdf1a0f4cc17f03685f62a18dd959fc,benign,0
0x00203637636f7f87c3c7ff58746a3f265452b2b1,benign,0
0x00823be7382d536b21c71693843f70d24f20ab3c,benign,0
0x00fdf1e1ed8b5fb86c8fc9bc5f0639820187cb05,benign,0
0x01a7fd9621519e3906fa821c6d763190f53b2f99,benign,0
0x0440e61b3b648e59059d18e0c8ac71478b85808b,benign,0
0x0476f16948b47255c44ee1ec1fef76a56c0db791,benign,0
0x052e44e80b5d58f14791b60a0ac7f1e620f255d2,benign,0
0x05c69d3940929cfddcdd66e3f3b7cf9bca034d5e,benign,0
0x05cdb1526f6e224e02919a4c018d9784ea25eb3d,benign,0
0x05dc2ce3e3752b4a1bec42d169f6d52129b595aa,benign,0
0x05f547a7365830fd92932daebea64a7eb2adedd9,benign,0
0x05ff6964d21e5dae3b1010d5ae0465b3c450f381,benign,0
0x067c4fcaad74d3b89bf72ecbd3e38fe30489cab8,benign,0
0x06df28154700fcc6d97fc701a2b32fb29914576c,benign,0
0x074ef339a2342b8c39b7bfa3e8ee613a119c0ced,benign,0
0x07b92c76d0be86501f5475f1c88caaffd69d8180,benign,0
0x07e639b85b1f8975746564f191beece1fa0c71cb,benign,0
0x0960da039bb8151cacfef620476e8baf34bd9565,benign,0
0x09c5a11ffcb5fa181c02c5dddebf713892180712,benign,0
0x09cfee647fa339133380191c8db6b44f24500c9d,benign,0
0x0aac6955688dc1cd3cafd52ebcade334fb1c9c3b,benign,0
0x0b2bc8e38258662fe531e2907fbf02496a27211c,benign,0
0x0b627c445b387034b6670e4bb3d23825f9dea81a,benign,0
0x0b85d0c3fa68a21c10e15d0b7fedac08fdc3508e,benign,0
0x0bd9c4fb3a218d9614d1f1b7e38234f6f27a052c,benign,0
0x0c2fd58e8b23434e35c570ebe1ff4c7eb3cf0a01,benign,0
0x0c55a113d8b601be3b79670984b7d9b454fe39cd,benign,0
0x0c6829b9285820725ca6fab08284dee567bf84b1,benign,0
0x0dae9205e45e9c0fc406e6eed468613b329122fd,benign,0
0x0e3573d93dadeae22a5fda3796a6e10310c0e999,benign,0
0x0e4a0747f7cc6d57bceee28b0115dbea197fe61c,benign,0
0x0e6dd8c5323343c940bee5777e6c30fe355a0c15,benign,0
0x100e9db9d323594f1f084107fe69c0822a1bd782,benign,0
0x1033eaa8a296b68b4c56dd98e742175f9e81fc14,benign,0
0x12d2b8ac38c59758a062a9f757f2740461779439,benign,0
0x13015ff5fea7e091a83fadb20f00ba6b8bdf3f3a,benign,0
0x1360e123351f0302462f825d93e51ec3e834da11,benign,0
0x149f6d6d4baab9fd16f24ab490b3d994ffc5526d,benign,0
0x152e3d1abc90362725fe39b626899e8bdcaa591f,benign,0
0x15669198bbdc4c3afc332967bf163f67234aaf95,benign,0
0x1596e4436d7b142d8ac660e78f4cec7f118e6ade,benign,0
0x15ada9399f57f67e9af39ba38082ca305af6167b,benign,0
0x15cdc4a1486cf03d4b32f29b77a367f586c171a6,benign,0
0x167f23fa79d1c55db12700c9408f1fe6527add8b,benign,0
0x1727301ba708bed871393a9462869502b8c23a5e,benign,0
0x174a5835fd1f7dcb64f32650366f3a86e1857ac4,benign,0
0x1785787bd95d9e416ab0d01e07c8e02afd2b239d,benign,0
0x17a9aa3f7945fb00c2eb16857baa4adb63da59db,benign,0
0x17bce16e5879c7879e5c9a59c7f4b2064322183f,benign,0
0x17c1d2e301e4e289b605e7353d76a8f839964329,benign,0
0x17f5b3a1c21473430fc247cfaaaa1eb5de4f20d8,benign,0
0x181aaecb37b646a2e4a71c351028bcf61edeb60e,benign,0
0x1837e2cfc622a72368ed835c1a98fcfc5de42b0f,benign,0
0x18dd3c14e34c1bc379f7538068c59160d9f68e25,benign,0
0x18e296053cbdf986196903e889b7dca7a73882f6,benign,0
0x1926c9d0f31b012dd9a63cd8a8daaaf17b136636,benign,0
0x1a1c87d9a6f55d3bbb064bff1059ad37b6bdc097,benign,0
0x1a5276171e1a4d7f696dd37e2d1c47aa59698598,benign,0
0x1a6ace2d478edcd1c4ed2c9fb5794176e7181028,benign,0
0x1ae53eb3901edc99d4eb97f99bfe7d8b88cad2d4,benign,0
0x1b64373fdbb55bf78a17bb8d9ba04017e215544b,benign,0
0x1b8746d11c93230a69c6b0e9c467654b5b19b615,benign,0
0x1bc72b32b04dcc8f7bffb9661a3fc7952a51d0ac,benign,0
0x1c0a8baf8cb1bc4a981cb161d26c1038c11b7dce,benign,0
0x1d56e0a04ef3407d810dfb605173176027f4d3a5,benign,0
0x1e6d9051889cb8b73eaac958d8fb2d3a537a4dd0,benign,0
0x1f3d096c8738df7cc71a5bbc9f0b3ad99f1c9752,benign,0
0x1f52703ac7d071c8ef472d97058500df3f2b040a,benign,0
0x1f81aca339fa6ce21329955cc730be8c58c86a94,benign,0
0x1fe0418c02dc809e911d3f33f34808f5e200ee01,benign,0
0x2146a676d4f8e1d1bd96c825f4fd29f26316bcd1,benign,0
0x21a31ee1afc51d94c2efccaa2092ad1028285549,benign,0
0x2267c7246523191b8bf7615b86b3bdee612b7d9e,benign,0
0x22f9f5cd1ba26fa6e348ff09242909a34ddbd132,benign,0
0x230981f957cf1e1e8b4c2a6e83243edd70793532,benign,0
0x2390bbee104faaed941a17492b5ebf2bed206973,benign,0
0x24b9a3c1a638c1a0210b57e5c631f6504e3b8c4c,benign,0
0x24e671c4be31f19dde3b02fac62ca467f61d4b8c,benign,0
0x250db4887c91fff798592da71101ab52fac0f61f,benign,0
0x252947b1f3c11f776164d17d34cad392fdf3b7e8,benign,0
0x2557974daf7f67dadfc42a4063e10b2793b2a58c,benign,0
0x257277bfef4304da12bd8d8b86e556d29f4d6e77,benign,0
0x257f6fbd77e09a69417a0cb8a87084b5cf557403,benign,0
0x25d5f2719734777af75c7221abef6b5d85e4e102,benign,0
0x25fa794d2a8bde49fa6a3a52ee9fb0b0372ae025,benign,0
0x264bd8291fae1d75db2c5f573b07faa6715997b5,benign,0
0x2673720975194d28e30c55235df93b27423f0ad1,benign,0
0x27211d68a6414fe5ae5ab3a322a856d4bcbb1134,benign,0
0x27951ef39c200143c40f99b5871170d091bbe2b9,benign,0
0x27bb48108ffc8968c01df7ba712305fbe0ac5828,benign,0
0x27d70f755e1d485226a27b4cc0f41d5288a7b0ac,benign,0
0x28c6c06298d514db089934071355e5743bf21d60,benign,0
0x28fd6d437eb87d09da72d17b0dc6e36fbe9c4e80,benign,0
0x29156f8dffe8979f49e3a085dbb10477373a6051,benign,0
0x29253c77a7df2616b37e7276bf4c6bd6ecae3f68,benign,0
0x29c1f9037c2a74dc889c3b11169bbb780c2aab1f,benign,0
0x29f7338c822a2f2e3cfe44e649e5959c1e5c62e7,benign,0
0x2a5428951ed9f2ae8e388e8a0ca40fdaa1b80e9f,benign,0
0x2a7b7ba38ebea8af640f038f45f03cab37912745,benign,0
0x2ad9332100a1fee40b138479670504f6174404ee,benign,0
0x2addfc34751d32bfa15bdda5cd7f15a1d863068a,benign,0
0x2b4394cc982f842a197d0be5834381f3e707018b,benign,0
0x2b68a80325123b81961260d3da6c712e1efc8085,benign,0
0x2bbd4f85c57c66455d2d6afce11cb33d2b6d5d09,benign,0
0x2cc8e4721a001f1921298bc9d894aca13630b0c6,benign,0
0x2cdf1a1cc0964e6639a99a82634915be2201f0a9,benign,0
0x2cff890f0378a11913b6129b2e97417a2c302680,benign,0
0x2d6a3905dee855bc106e0beace8e065d5040651c,benign,0
0x2d94a26be56a48d6e39289d86f19ad76521e2072,benign,0
0x2e4222e522e849c4b3855ad0d83fafc54ac8b751,benign,0
0x2e5ef37ade8afb712b8be858fec7389fe32857e2,benign,0
0x2e77f2ebec3c90bd6a252f5960b615ca6af6d964,benign,0
0x2ed481a2fe162989c21f399f78b30b0865a3e775,benign,0
0x2ee0709411b1aa025368b9672bcc53ebdb8a3199,benign,0
0x2f486cd2711fed55ecc481a5a0ac62001ebfb16c,benign,0
0x2f49a165129aaca0ee71d4ad7418b72ff6e30f35,benign,0
0x2f52a04bfe0b6e876ecd34b9cce275a71ab320a3,benign,0
0x30ba33c37d3a55394942f56f81b4dd7860506f8c,benign,0
0x30cd30eb5caf857a74e5e65cd84ce61b318cd38f,benign,0
0x30f3d36eaf3420017cb20cdcf3804ea6b3ae4036,benign,0
0x318afab0842c12c672b20a3cde4e4347a98f24af,benign,0
0x320ebe15696a4669112b17c4515de717baa19f47,benign,0
0x323ae8934f15f8b75c0231364fb8b4afe870a4f2,benign,0
0x32b5b3a846382cc9010c270d32233f9a44902ba1,benign,0
0x32d7d404bcb35640b6784623c3060d52e8fa6eb7,benign,0
0x331d9a049d496385998067abf6cbb6371c8d2466,benign,0
0x333333320bb4a0345a7a102c49c72b37647aa088,benign,0
0x340a6ba76345ebfa005629d1f78dfd5f3a3bbb07,benign,0
0x340bd35a15996a9a195593351744d595bc555fb6,benign,0
0x340d693ed55d7ba167d184ea76ea2fd092a35bdc,benign,0
0x341d0446a04f2399e763d0825b8eebb843d89c9b,benign,0
0x344d75c37d69d5c0dd37f6d53cd16f30f0a48d5e,benign,0
0x345525e368a2b19ffbc963304a1507d5bcc9d0d9,benign,0
0x3471f395f1322860348a1f1dec577fa3eeb479f3,benign,0
0x361feb38b60bc5f0e7b301257c69196ab5ffe4f2,benign,0
0x3655a76e1c14aa0ce07486c47c1ab6aeb265fc82,benign,0
0x36ce2109f4d3107764f380f679e2c7e9e64de05f,benign,0
0x36e033995172ba324a91522f9206ee737cdb7896,benign,0
0x370a7e2d300c14d79d4a7ee07aaca46c4b3012cf,benign,0
0x370ea78d6bc4b441d34e18a6ea44bb04f14695f5,benign,0
0x3761787d18da41c4ac01fd70d1d847aada142b8d,benign,0
0x386966851d545b38b8fcd864a389fdbea077e990,benign,0
0x388cdc9d36ef61431b1fac1068dd6f5f1972ce1e,benign,0
0x38b9b2b37d369e10c5b059760d92bef2c0ad4fa8,benign,0
0x38ca7657fd2afa65ad450eaf72dda9d1bc9cc660,benign,0
0x38fb5f8accf6948476950bb0a17e206469c55397,benign,0
0x391713d79b5c41a528ba2f980554113c5cdc4dcc,benign,0
0x397be73c6160e5e66408924da4ad32ea5e9ea9db,benign,0
0x39a6f1f82d688b991131aceb8aa37f87214e9294,benign,0
0x39f6a6c85d39d5abad8a398310c52e7c374f2ba3,benign,0
0x3a1a3f64b9986064791942c6bfebc739506cf5ea,benign,0
0x3c35538f6fb364caaf9237116d4f3305dbef33da,benign,0
0x3c7895f285702ffcc6fa1fed7dde0971e0250d37,benign,0
0x3d55a467caf4bbc9ca484b4f39fa2679c88f75f1,benign,0
0x3da9d99ec7427e7dca82049df55f6195269a7467,benign,0
0x3dd7b09a75ab898a3cdfa3cb6ac17b42d59dd287,benign,0
0x3ea218e900bffc0e2586025fef787e190cb53e99,benign,0
0x3ea24e0527dc81567364bfdb779213c988930089,benign,0
0x3ee92cd00993a4488ae153ab41ac7947cbcbc1de,benign,0
0x3f13fde2aae0be0e34ae170c51c96ad9d592368d,benign,0
0x3f5b75dd3857501f85e8bcd82c597c050baf297e,benign,0
0x40052108a1252125a185df216909b98269522c17,benign,0
0x4031d3e5924c402baa3adfad8cc20bd0d3de746b,benign,0
0x40ed6efdff35834482948d062f6dbf0dbae98366,benign,0
0x41099257a95d45e47ff1a738d93bd91604da1e89,benign,0
0x414ac7645dc849984a1fbc2962ce4b5480061a78,benign,0
0x41697e5f0d31eed686f0e7bda5506e31059dbb1e,benign,0
0x41cad4995f7010701fcd226942cee478ac41e51a,benign,0
0x421bc3389526df8bf0d05d94f8599d29dd3c6f99,benign,0
0x42212c1cda1a9266dfb17c3f2c037c2aec8c7505,benign,0
0x4337003fcd2f56de3977ccb806383e9161628d0e,benign,0
0x43370108f30ee5ed54a9565f37af3be8502903f5,benign,0
0x4337023cce7419f20db4057b4dc3e2ea0c2151e0,benign,0
0x43370250bfc02c7f085cb105558da41e9cdb2d79,benign,0
0x4337031ade3a53d10121f350369907076b6d32a4,benign,0
0x4337034c17597470b36ce40a761f2e9f55a2df48,benign,0
0x43370371e0bb085d04d02a815230aaf67b35ef25,benign,0
0x435cfa6da9b73c4e05422b89f498272448b51b2d,benign,0
0x4405d050084281bd1fe95466051bf413bf4c0d76,benign,0
0x44147ffbce2af3fd1f0a9eddd67e966e95552e30,benign,0
0x458c2a06ba8dc3def078513ad98e9da8ced39e02,benign,0
0x45caa1384d35bc61fe152046bbd5895c7a710ba4,benign,0
0x45d1426626f255e10ea0fa8dc14b5b2f26c6ad74,benign,0
0x46340b20830761efd32832a74d7169b29feb9758,benign,0
0x4637ac1282a183dcc2e254543437fb6f95bf959e,benign,0
0x46e3e142efe2640ae679dd88d36be2122be92cdb,benign,0
0x472e80286bd7338a151390013dfc19d445a26435,benign,0
0x47bdbc149d04fca387cd0b1a68168d799d5faaf1,benign,0
0x48612ca4396a972fc6ad86d0f203ae6d1694e409,benign,0
0x48a97d561bca9b1b03193f3cb5b3501e771cd656,benign,0
0x4944046afaaa3355a43fa9b49be7d5cd44511cb3,benign,0
0x4976a4a02f38326660d17bf34b431dc6e2eb2327,benign,0
0x4986bed60309ac8dbd2b7eb0698792d03305c4fd,benign,0
0x4a1221b4c63ebfc5e635fc66405367b2c90e6c8b,benign,0
0x4a2234a3000eef9f887f99b49a524e5cddf26f96,benign,0
0x4a3fabe729225c656b1819253f65517432580773,benign,0
0x4ab0e5f6b3403c947834c0c0844fa706bc4d8cde,benign,0
0x4ad164d79895030eae346d67f072ce52ac235f06,benign,0
0x4b08d7c473258ec496ae894a64a87a4884594bb2,benign,0
0x4b872781a25a3c5dcc30c32d18a5e089ab8da282,benign,0
0x4cb11cc4ce988b40a6c20e798904199519a665fa,benign,0
0x4d483158bf733ef8d89c74309e6eea44f01818a7,benign,0
0x4e393800389bbf5b0eec28f5a27b6d96d3be81d0,benign,0
0x4e588c8e11be55dcd1bdc1750bf14f4e3ca375e1,benign,0
0x4e5b2e1dc63f6b91cb6cd759936495434c7e972f,benign,0
0x4e7f8a0da914fa859e87d447b5366c5c1446a504,benign,0
0x502beee01d1f2ddd655ab56560a4a9b5d47da208,benign,0
0x5050f69a9786f081509234f1a7f4684b5e5b76c9,benign,0
0x50676ac160d1e2c215047fadc60d19e59e93d24e,benign,0
0x50759b8614f3d00abbe674eaecbc469f28298e5d,benign,0
0x50dcb3f5766527319ca2f3be8dae5fd24b72c807,benign,0
0x512b6d8b7f089f2e772577a07cc751af61c7c9d3,benign,0
0x51370d44b51b2ecbb23e61c2f9cff4669ab6d01f,benign,0
0x51b0cb8c0346c7b3b38ef2164ad86b9c33806c27,benign,0
0x5218ff453f844d9a9d38cc97d4a809e73c970918,benign,0
0x53fcf6ae4efd439566631837ba7467028799956d,benign,0
0x5422aa72ce751a272c81a353f3cc4359b52d1998,benign,0
0x544ec47de338b41ee7f6a72e54fd03cf75713c9b,benign,0
0x545d15a730fbf015db97183775059ad7b73c9be0,benign,0
0x54620b9a8a2c43aa8ed028450a7ce656a9c69feb,benign,0
0x5565f17657cef60a02295eedaa52d0041ceb52d6,benign,0
0x559432e18b281731c054cd703d4b49872be4ed53,benign,0
0x55fe002aeff02f77364de339a1292923a15844b8,benign,0
0x56c262027e0de4aea31d2489529cb25d23e58a8b,benign,0
0x56c2cfdcf0693a446c7c076179b78f97912851b1,benign,0
0x56c46539c52fe2aa4213ee5b1f4f05977eb2b680,benign,0
0x56de1961fda5454e6f8e6d0e3124ff648fd69400,benign,0
0x56eddb7aa87536c09ccc2793473599fd21a8b17f,benign,0
0x580bb1dfd83b4a0e522fd7bf93e5962cb84dcf34,benign,0
0x58e21e4383db1561ea5879a9b4fc6a54f1cbd1cb,benign,0
0x58f298e3bf930886ab7639f4d71f892d5f1f0214,benign,0
0x5916b4726f37411283b5f6154b96193a9a795ebf,benign,0
0x593f5400fb6bfb8d1625e89e1bf32410ad2daf37,benign,0
0x596ff06df3116402af0444e054606cb9afa5ae61,benign,0
0x598ec4f139580af73745fa4b1363ab3cd55dcf08,benign,0
0x59aab1bd0d26290274398c07b55955c15425e16b,benign,0
0x59b6b56abcee49293a83c370774079bafe360e47,benign,0
0x5a4f2e38fc01eefef426a795753ded46b0ac4922,benign,0
0x5af29f204a3d90d61d1215bd7dd20a49328c5dcb,benign,0
0x5b43453fce04b92e190f391a83136bfbecedefd1,benign,0
0x5b602ffaee209f817d5fce7b6d66ef6e73683a6e,benign,0
0x5b72ff14c7204d3475fe5f1c6e7f7a225e254e97,benign,0
0x5b8b2038d82381016aaeabe375a8d9d4bd2a19fd,benign,0
0x5babe600b9fcd5fb7b66c0611bf4896d967b23a1,benign,0
0x5c9fc9e68daadd9245c8240ca756df9d68f66b61,benign,0
0x5d26b4f7d08d90dd2f33e41c807710926248819e,benign,0
0x5d675d1f40e6c8d90c1e20a991936594cd2b452c,benign,0
0x5d91b266942b73fa78a23dffdfeaa1841bca68ca,benign,0
0x5da7dc192ad2871b2ea0039e1a419dbba6a50185,benign,0
0x5f8cad97c5cb10ca8fa96f7d0ceaf6febac7148c,benign,0
0x5f9d9b229121d9be496437658769c550d78430a6,benign,0
0x5fb745ea1c85aceaf0e3b868651fb6c5347f0040,benign,0
0x5fbede4a21614b92513f4ecbd8abdf0c8304679d,benign,0
0x5fe5bbb11ac02213e3467fd326b188ccb3120ea1,benign,0
0x60ba76816075f88f232545ade9f05d4c4aaa5b95,benign,0
0x611ca9e25d1776e42964f341180ff3a7b0985d5b,benign,0
0x613874e81478ef4213c0ca3fb768b878adb6fd8b,benign,0
0x6202b8a76a13d5555ebd803725407d23e274dad6,benign,0
0x6226f09a910077ba78a785035e26742ca6a440d4,benign,0
0x62272aad4057b4c999cc455ad9173ecea0616984,benign,0
0x62425cd6bdcb6bfe51558ea465b063486b70dc9f,benign,0
0x624cd28d202ffd080f012bfe8c10685b99283b0e,benign,0
0x63c79fccd0a21e4a4d87056a0efe3b85d8c373d4,benign,0
0x64748d8e9a665851cc753fd082cd8da38de2742b,benign,0
0x64b5d7260fbc9fad50a3f3322092d5958d2b42e5,benign,0
0x64fb273b328cde17b15d3fff2731b4096ff0a132,benign,0
0x6522b7f9d481eceb96557f44753a4b893f837e90,benign,0
0x654fae4aa229d104cabead47e56703f58b174be4,benign,0
0x6667961f5e9c98a76a48767522150889703ed77d,benign,0
0x66e584e592a4f4067ebc1197fd5eea27deb2b4b6,benign,0
0x6745e16220971949ae43c1dfc2a13573d4329395,benign,0
0x676536d69e0d2ced9ea717927e227993ab2a54b8,benign,0
0x679005448cf5d9772b7862c4cda6493a10494ba6,benign,0
0x67bb05006e4afeaeb9beaa450060b5114901fce8,benign,0
0x67eb3fff0e7c62d7331e51fca442b3c9f22fe543,benign,0
0x6872b6630a3afcd3117191a8403c2002e13df7de,benign,0
0x6999ab57779157780eb7691ca61de68545b6707d,benign,0
0x6a5ac574a26df5ac487c5074c2fd80c2578c81f7,benign,0
0x6bd7fcc4925482ef61330fbf3178322cead1b47d,benign,0
0x6c890dc08bb014198a63d63cd7d8d353d95537d5,benign,0
0x6d2d42df75d798c6da985078c1d2664890909caa,benign,0
0x6d36a1d24e151ed2a5fb730f3eb96599c596c707,benign,0
0x6e3c504c67d5dcd5411e6afea5b7751bd57187e6,benign,0
0x6f51cc2d331c64cc5d8e53d66da68d7367e77445,benign,0
0x700540cead11474c17cb18869d4c26a195057f8e,benign,0
0x703619f8af70ef5a62dfaf75bc53e949d720a765,benign,0
0x703f3d794cd4d376878967a818b116d440a4395d,benign,0
0x7042141b22f5d44c974729847f22b3ff8616b6c2,benign,0
0x711970876338a11ba4d593c4c71356276b3c592a,benign,0
0x713c002110ca9112b5f1fc589b0a6cf675b93587,benign,0
0x723d7d2b758bc9a0a74f6b727f35640277856cca,benign,0
0x72bd2957a157af9954dd9ea6c8d3e63032b0a9c8,benign,0
0x72cd3c3e387dd38fbe3780e1282412c44a461372,benign,0
0x742fdacf73c84c7afb8924d8a9a400eeaef1f546,benign,0
0x747d2fd1cceba2d74757ec4a2843b650fc980719,benign,0
0x74b0275a268958ac4eed54df34ed7fefef28e434,benign,0
0x7539af4f35a3002754dbb4199b3705e463d6a58b,benign,0
0x75843e14a81ee913467c4061d6ad122ce4f68b33,benign,0
0x7620094fd9a02b24dd16376dc43b148b2ff0042c,benign,0
0x770b0d037bcd168cf3dfc025c410d602b5d3e516,benign,0
0x77162eb08a150e126c20e6e8d0601a3b451a5e7b,benign,0
0x775aa53878ef159dc103e53cb4235d36c4027835,benign,0
0x77c71c0609e2bf83be411cd1bc63c0b79f264ae4,benign,0
0x7830c87c02e56aff27fa8ab1241711331fa86f43,benign,0
0x7851ee39dd53876035785d7c0960d3ac0bd82375,benign,0
0x7884d46a2d3ba436dcb86cab31c86222d2df137b,benign,0
0x78e3fc67b80673851181954148304ad701ca8d01,benign,0
0x78fdbd559009f453dbc374282eb33003b9fe53a6,benign,0
0x79672062c5a45e3808d6b784129cf3ecf59d4224,benign,0
0x797424f115d8c7a780dba2cf7921fc8189ff2bb7,benign,0
0x79dd9327352bcf1dd16941899705e97b61f4decb,benign,0
0x7a4b19c2f1cc045e8084d95f6afa2c2bcc14adae,benign,0
0x7a73a3612e003e2cb9f0f02b1e021bb4a352437a,benign,0
0x7afe5bd55dbedc240f775d0b42ecb953cec5350a,benign,0
0x7b09fc3bdd9a1eb0059f0c9d391f5d684e0f9918,benign,0
0x7b314432484fb71d09dccc750b24892eb141abcc,benign,0
0x7b94f0451b46b298ecd68cfbc78c29c0bb23ecc9,benign,0
0x7cea7d937c9fb165350aa7a15b4dbd61941a8d4a,benign,0
0x7e0cf659966e6a76b9fb577182c3d702daa1c55a,benign,0
0x7f98944af55174af21c2b4be601f0c1306bd7432,benign,0
0x7fbb9ecbf0980a8fcbfc88e65ea92405b591cdc2,benign,0
0x7fe497926d9c49184c0b8998fa12162f3a10d4a2,benign,0
0x8019f44ea2bcdd42ab2a46258a32eed32729d382,benign,0
0x801b61106051ae1ad74b3f0ed8faa0224dfe1d90,benign,0
0x801ea2f2c1adefc20dabe7ba1731257307f00503,benign,0
0x8085c3e996f03fe86a8ba8e4397dbea3875e0fb7,benign,0
0x80d04079ffc53eb14edbeeb37279d126f45552df,benign,0
0x8163751177aef91e66f5a18c931f9ab02c5f14b1,benign,0
0x8200435e4ec737c827923b5423f7ea0e405a3506,benign,0
0x823eae9afcd9d89b90a728e05533b382598d2c08,benign,0
0x824b81a6fab46f3078326d9c91ae3b46634a3a97,benign,0
0x843e82384df1122c93095ba65a61e034c7d58982,benign,0
0x844db6f875e639119f883c0b6ce02409326cfcc3,benign,0
0x849fc842959fac39d976e8ada7734654eb97bd09,benign,0
0x84ef281d9e536dc5f55ec02f516520a6c439b212,benign,0
0x8504d7a43471b035185e53de08fad3bd12040659,benign,0
0x8518c982343e04c76c4ac624a9650a6075d02fb8,benign,0
0x852dc1c875f0117ea0808610010893e4c576b6a9,benign,0
0x85859571a087312b7d7420504da9e6fa6e602177,benign,0
0x85b58b4e6fc7989b05775dce23a47c80462c539b,benign,0
0x869bfcacd7cd865a684eb70f3e92d5579c863480,benign,0
0x86e5ae4349420ba78152432232e1a08cdf7bafb3,benign,0
0x87744619e4e9d554c3cb029684194aaabbb40cd2,benign,0
0x8884f32a733b807745d599d5c1f7e317ed88f364,benign,0
0x89d45a8039db488d64f2587e51809ed74307fc9d,benign,0
0x8a0dbc9d565162c5e9ae43d4a8b38a37a765c11a,benign,0
0x8a7c1ee92c7542294e2f76eff1bcbdc9656f4dd0,benign,0
0x8ab399cbb9fdb9a36518a7e7eddf89158e56c595,benign,0
0x8abd317c818e82b9d7fc9c1d41b5b39236f9308d,benign,0
0x8b3f8eb61eeb28377a3afdcf31802658246ec76a,benign,0
0x8b5606469e21c75edd7c74d1c7a65824675d9aff,benign,0
0x8ba9f29ea3644bacb9346a2aba9013727c017013,benign,0
0x8c72a32ec63a47ebb6bdbda1c59ee3a6011a34e7,benign,0
0x8cc6eba014acd69ae4a2f9d49d76dae94cbe57a7,benign,0
0x8d8d7ea4761e3c0a78652331a844a121a63ac2b3,benign,0
0x8e2655ca6e1a133c84b2bb32fcfe4c62518c1941,benign,0
0x8eabbe62c3df0fd8656af76c77e0e9d8e39054ab,benign,0
0x8ed795a43783725b0d6d95900e191768f4a0e58f,benign,0
0x8f0da9c8292a2206c2a710af65d20acec7725efa,benign,0
0x8f327a70786ec432145d8bae192e7ac661e71b1b,benign,0
0x8f4e7a0e3247d3218f21f0a33a4a24513fe8b92b,benign,0
0x8fd242deaf8bece7f7c0474be1bd409bf3e25a21,benign,0
0x8fd29d7e44e72e552c880254376fe69d85411636,benign,0
0x90669e745dce428c24977e760f4a3f9aea2dd8d6,benign,0
0x90d526929e4458e02b3389f383a288b14492f674,benign,0
0x90f17e109fb5d1de6039e9945c31ebc3adc0502a,benign,0
0x91604f590d66ace8975eed6bd16cf55647d1c499,benign,0
0x91610439847b24c0692c8bb8550601ca7f61a44b,benign,0
0x91bccd1f365dd887bb32dfbe45ca66c52d66ef3b,benign,0
0x931424e3b16bd1079e5fcf963332bff61d178c33,benign,0
0x93228d328c9c74c2bfe9f97638bbb5ef322f2bd5,benign,0
0x9356cfb7716206a5f0fe472ddc04e99af4f6b027,benign,0
0x93693692400fa654a208dc48f28443d65a3d42d6,benign,0
0x9391466ad56f2705ce5fd12e763a65509aee4862,benign,0
0x9430801ebaf509ad49202aabc5f5bc6fd8a3daf8,benign,0
0x94332654290d0694e809ee6eeec310db31854372,benign,0
0x945ad998ecd8ccf5d300aab90be19070dbd7a8bb,benign,0
0x94d20060fc5c113ca9e72eb83f7d4b8b7c9b4a06,benign,0
0x9593997717b6fea54e092309643bd99b015e7225,benign,0
0x95dad12e94dcc91b0aeab6544baa565eb532407b,benign,0
0x968e73f5d547ae469e92895dfdeef3107d516822,benign,0
0x9696f59e4d72e237be84ffd425dcad154bf96976,benign,0
0x96f235b899fe1f149c139394a6cddb0666d2ae33,benign,0
0x987869a8b743400ad2214cba2957d6323792ddd7,benign,0
0x98fdbfc0d31dc15e0d03937cfc96d34b26185614,benign,0
0x99040dcb950981704ec551f1bc9712d9ca74d79f,benign,0
0x990bcf531c9d60bce61a01f0c327c4ffef47dd01,benign,0
0x990da79d1e2f500b489011b738ce75bf2ef9de24,benign,0
0x997545301ac047be27e87cb4e06014f947baf834,benign,0
0x9ac5bdc352b4c7739dcf9a2fe139df5aed801bf2,benign,0
0x9b309d574f9c1cf379127e371e15e2ab0f1cbbee,benign,0
0x9c1683f9aaf2626444b6f4ab4a562b6090eaec74,benign,0
0x9cc813c0306cbd517cbc36d2ed526e41ab4defe0,benign,0
0x9ce783213a67afd0c68843236cd0fee3374031a4,benign,0
0x9daa486161a50d1ba5259c476af74388bc0a20a4,benign,0
0x9db3c9f81846b1057666f4f6e10f3e9426874f0e,benign,0
0x9dc9b506e64bbdb68e021ef55dbd1cb394261f9f,benign,0
0x9dd5a806f456260f23bb991cc4f5f177e9e7f439,benign,0
0x9e0250aef3a602931449cbd52b19020fd674dcd6,benign,0
0x9e42b6f204027031a63c744d1861be0d5b2bc049,benign,0
0x9e94bb169b3acf45ae43c7a816de2bdd6d643f62,benign,0
0x9f1a1479191af103ff82fead23e950b6b3b2bd1a,benign,0
0x9f286b07e77d8db4bb6cb7bcd8958cf1e7c65463,benign,0
0x9fc71617e5a2996cb1144f8ea2145b29a64854d8,benign,0
0xa062be6ea84e6ea4864de22d6a796782b969f927,benign,0
0xa089ebe7e4438aff6d2a73a290e957bfe18010b0,benign,0
0xa08be336ad26542f852c29b1e6bedd485935c426,benign,0
0xa1551154319a5458831f8e042692e01edadb893d,benign,0
0xa1a6591eebb5a4cfc116165561d9297b38345220,benign,0
0xa3105c1c8e8f53083d44ea1f0ef5a20beef74ad6,benign,0
0xa34e38dc47a8b197f5de1f12dc19daa647d00ca9,benign,0
0xa377aa6822603cc52e4e9ed6eaa045c46ef6b3e2,benign,0
0xa379de8e921205ed44c4f253361f29451a7dae9a,benign,0
0xa39ff1e770a17e422eec98fe7489f34bb5e3f363,benign,0
0xa3b81ca559e9550f739135e19abccf017d6cb993,benign,0
0xa496e4db8ec0b2f312c2128b2f85c29571b52fd0,benign,0
0xa4df15d3d7c1fdad5351297646d1669a94c87bb0,benign,0
0xa58428fd982447bdef7c8b6db6e9beb964b56147,benign,0
0xa5a5491bca93dd4c076e4906e79e7673f4a5a142,benign,0
0xa90c7cdb553332948e2943431436117ecfb1e781,benign,0
0xa92f98708c17a95e967d340054686db2b925c1aa,benign,0
0xa99702cdb9c2e4af8fe98ff90c32bd66b3ab52d3,benign,0
0xaa1380205a9be70b46d21bc241cb37831da6760f,benign,0
0xaa8ba7d4611437141192e7ceced531bc0a133efb,benign,0
0xab25b44ea0a9e513ac31ec92d54aa8d6836b0236,benign,0
0xabb2acd3be814a80e502575d6c1dc5f789e9cd10,benign,0
0xabb5fcf745cdb55808b30718ecf0630d6af5e78c,benign,0
0xabfa91859310e50a4e1d87c8eb38e18b1579d3e7,benign,0
0xac7b1b390becb677db28041c29ff86374afd861c,benign,0
0xacb06ef4dafec6fa0c3077fe9425e0ecbd3448ef,benign,0
0xad8fbbf51b7c6f72b871701feedf3b321996744f,benign,0
0xadab957d941f71f5b161bc05757b0a1c2c2c6f14,benign,0
0xadcfe88f97ef3e7dff80f86fb8fb3991bb5afab2,benign,0
0xae2fc483527b8ef99eb5d9b44875f005ba1fae13,benign,0
0xae5fe8dc48b2d790207a549bd185613f2f1fc8e9,benign,0
0xaf1e4f6a47af647f87c0ec814d8032c4a4bff145,benign,0
0xaf38a46e5fd52fa5fbf961a0e86c9a3306e6d2ee,benign,0
0xaf658743230550f95ee4c13b9abeb4da3978b798,benign,0
0xafcf14e3e0a31320ab96403325627d4da89cfaba,benign,0
0xaff8460e4d10f2f9aa39042896254b998bb80000,benign,0
0xb0ec3d7bed2e0b1ca3932f19b9ab862c31f6435b,benign,0
0xb1ca9f7fb1d10ddcbf71d13f9de756adb3f6323e,benign,0
0xb22a32462395c44f63f49daa432057d370b1a09e,benign,0
0xb2fa64e8a1f8d5c2813097ec2105373376144f35,benign,0
0xb35059225839de4ffaaab41cdb16c1fb5ed9c184,benign,0
0xb366fdefd9665236ee7b49075c00c1fb253494d8,benign,0
0xb3afb6db38a8e72905165c1fbb96772e63560790,benign,0
0xb4161b6262e1e76ee03df606bc0c5bb0f60c1bc2,benign,0
0xb42f812a44c22cc6b861478900401ee759ebead6,benign,0
0xb47d96a1e546ab414ce9e836bff46cf4d6598f73,benign,0
0xb4a840ba4c562d14b58b535d33d1b9faa81ee8cf,benign,0
0xb5f81bb9abedbe8479651673a7c4cd8e40cb0d24,benign,0
0xb6d6993de10b0f70f4fca40e4401cb1b46fa466e,benign,0
0xb73c4989c8db6291bc93bad78e77a7cae58c82e4,benign,0
0xb81b8beb37d5da6fb7df102a111c84600fdba2ff,benign,0
0xb839f92b90355cbf1627a53f4f7c084488d2571c,benign,0
0xb84970ba0cdc37edd0dbb22fda0f56fc04fc9a3a,benign,0
0xb886537563935290f182a042715e64ba15b511dc,benign,0
0xb8ff877ed78ba520ece21b1de7843a8a57ca47cb,benign,0
0xb91feb5ef3b146a46093ee59b18384b30b9db62f,benign,0
0xba5ee4f8a727d63692744ad356019232d16eeef7,benign,0
0xba60dc740f22788a5e024303b5053130906de4bb,benign,0
0xbb2f33f73ccc2c74e3fb9bb8eb75241ac15337e0,benign,0
0xbbb7ab4dba2163abd0ff65fb67439569a1cf4919,benign,0
0xbbdbbec8d8336d034ece10b77d7d1fc0e74b1065,benign,0
0xbbe06ea75813760ae2387276b64b592a4b6ce29f,benign,0
0xbc045be628ab74ddaf5c92c3e6cc525b2a44885b,benign,0
0xbc53d9898dc0dd310313c723509be30127c5e893,benign,0
0xbc5c69a2b0fe75d7e8c22982e3697ea59b351418,benign,0
0xbcc83fcceeb66ff8e7e443f9e3d860d9354fde61,benign,0
0xbd83233fd7a93556f4ac3a5e5f9c14608a414e66,benign,0
0xbe0b407782a7599380fa726db315340126d62229,benign,0
0xbe1d507a51f71cede068432a2466c423cd6fd733,benign,0
0xbe54efd6ac1c234a65fb62e5307d74ac3ae95fb8,benign,0
0xbf5909681817fc3d9fb1772d6070213524e17f49,benign,0
0xc026573e00b767592604448a8e9cd1b1ea39bf0f,benign,0
0xc066ac5d385419b1a8c43a0e146fa439837a8b8c,benign,0
0xc07906f7a446ac387943a92dce0e8afd6e054146,benign,0
0xc08a61c425559fd3c6a8c86ff09e259be0b311c7,benign,0
0xc0f730cfc29a74ea6041047830b8cc9e47a3c1ad,benign,0
0xc11656bac4e6253c1c6c6757ef073511aaa6904a,benign,0
0xc14a64416b1cb392e3b184b35f08e6a15e71c94c,benign,0
0xc2df376426fa1bce100def245ac96a2e86a2ef3d,benign,0
0xc34bb73b5c0f786383b6ae7051520d248832423f,benign,0
0xc3a308dcc6a4d5cd30bf52a0e341f88b46b98b56,benign,0
0xc3d7663bf232c46134294781c54c5cdc0544229e,benign,0
0xc4b7e15df32a6fbafd28cecd82f63720c2f260c5,benign,0
0xc4f1077c9ffa19fea42a157b08201cf425328369,benign,0
0xc51018bb8d0a5f8988eb5099bc798375e926e181,benign,0
0xc543c3ca3c7879caf16628c71d4f94037dd0f138,benign,0
0xc5999943e101afd586f2446002840e39ed8a75d9,benign,0
0xc5bca73d4d0f7ec0a023ad9fc1fe24b44faeba97,benign,0
0xc64064c5e40688d253c1d92917c2d9ce06a74781,benign,0
0xc655143e83260618a86ce0616171c9586396a09e,benign,0
0xc6685b08b58f23d3c8baff233dfaf264491f5846,benign,0
0xc68f7a3cbbb1e5899cfb26a89ffa7e870e822fb1,benign,0
0xc7e068c7dbbe4282010151d47019d1d722cf769f,benign,0
0xca5d6bb5f2a06f246c8dbc932ac02aea48c5b0be,benign,0
0xcb6824c252413a3496189bb80932d9c5f7106b42,benign,0
0xcd7ebc3d68b610cb6608461a2e08f72f0ea19987,benign,0
0xcd830fd85693d7b8c74aace561fb75bfd97f5cb9,benign,0
0xcdd37ada79f589c15bd4f8fd2083dc88e34a2af2,benign,0
0xcdd5c511e469b474611e0f905711ff0d3bf5f38d,benign,0
0xcdddbcb65f01d7696ecca0e635f425ce4d429010,benign,0
0xcdf7ba2822bfa478fb9ae3cf80f84b11b48eebc4,benign,0
0xce4fc59c9391eea3ee1bbb201920380ac51b1544,benign,0
0xce54f65abb8b61b83c14cbe97de97fce75bbf556,benign,0
0xcfc0f98f30742b6d880f90155d4ebb885e55ab33,benign,0
0xd059075bf71107c56522b60354feb51edd1654bf,benign,0
0xd066b2dee651ff9e85cd7278b20b99ec8c8e8798,benign,0
0xd0fc78aaaad55ed1505362e8a121f238f2df3f15,benign,0
0xd1fd630c31cd2afbaa0ba0a074f4c3efd3d79e4d,benign,0
0xd276f1a8b19264c7f11e0f3f1574d2e1283c4e25,benign,0
0xd37ac934502619cee14908cef22138f4b98e06b4,benign,0
0xd4e31395a2ce00f2791c39bd0260081734b911aa,benign,0
0xd6967361d2702020be23e4adfed1eff92eadce38,benign,0
0xd74ce4a81fcd6153157c30c419aa5bf87dfa3b1b,benign,0
0xd8f25e68dfc8c14daf61f8fc934cfb7dc47c78e8,benign,0
0xd903fd7b21dfbbbd30b25b22f365a4ef362a9abe,benign,0
0xd9365bf4e2dcfab2f57cdc6850a857531de4b156,benign,0
0xd93b5855ddb88af68b448101b408ad6d2921e052,benign,0
0xd9485e1bce30db26bdcb387ef55669a0afb7d998,benign,0
0xd99ac0681b904991169a4f398b9043781adbe0c3,benign,0
0xd99ea01115719c7b32c9fffa8dfcc3266bc4851a,benign,0
0xdaa526086787d9debe1d7f3ffdb1fe50cf8687f4,benign,0
0xdabe2b6ff10c6e0fddbf094061dde23eddd832e4,benign,0
0xdadb0d80178819f2319190d340ce9a924f783711,benign,0
0xdb3e6d864a6e42fcf1900a63b42f96b9e8a13670,benign,0
0xdb767ddaf94c43e92eaa954aee75a33c750d78fe,benign,0
0xdbf8f671c076723b3a0ea4de0e62adbd799eb0ce,benign,0
0xdc601950c59b9a0f9dbcb23594418f5613576ec3,benign,0
0xdc994d8af3505ee9d020c1a557b70f69488f0ac7,benign,0
0xdce20792486cd1e298bfb7e640c13602e8a53f04,benign,0
0xdd3d72c53ff982ff59853da71158bf1538b3ceee,benign,0
0xdda3b51e29f9d6fad865c5dd7070d5f7eb57663e,benign,0
0xde2e02828ab6537ffe32b521f225960f894f0aff,benign,0
0xde992badd92adaf9146255e9bde6a70770973664,benign,0
0xdf8adfe10d4a4d9f0fc4d3e377a6e8d5730eb40c,benign,0
0xdfd5293d8e347dfe59e90efd55b2956a1343963d,benign,0
0xe02e36ae1e86848e8a0dfea3ece0e394436633f0,benign,0
0xe10b6f5d5e51fae34100682ae8ac06db712578e9,benign,0
0xe1cb2a5fe781ab6600592fd62c02bf0fefcc2f49,benign,0
0xe20446cccbfd5f9038e747f1dea8016ecbd94ae5,benign,0
0xe31f690f532d8f86218095acf5336ddb9a1d794e,benign,0
0xe33f40e297824f38b1e0be172d3ba75230517a27,benign,0
0xe3ffa73f3a3b56e693c2ed775464cb3fbe78307b,benign,0
0xe62066f19df6f9eff58d2852bcdd011c58227aa9,benign,0
0xe6363ccf4e2d2dfe2188ea20caf9af567921756b,benign,0
0xe7e71a9785d8294d617e0d5d62f68c106b3e12a3,benign,0
0xe7e7ca0e19f023d09542bfebe4fe0b8ae8ea5d03,benign,0
0xe8cca621c6f0ff1e6009b7cb598824d87abaeadc,benign,0
0xe948c93becbaec23d363f0ec2d6ed636c9c227a1,benign,0
0xea0a948188e2a6cb338ef173345bb7e33bd48d1f,benign,0
0xeb29e08df98de3d623a8fe9b2e3ff40192854ab9,benign,0
0xeb2d910676d2d97c278dd156f9e86a8c5d273167,benign,0
0xeba88149813bec1cccccfdb0dacefaaa5de94cb1,benign,0
0xebb89795cd149720956b27dea027778cf7ad88eb,benign,0
0xebd5f5d5e98a399437e318543712542948d9ff75,benign,0
0xec838a30ff48323fb95e95a71d06f0edba8cac0b,benign,0
0xedb182bd13948eb26c824fc9f9f13d89c7a14d48,benign,0
0xedc217febf9536b5528acada926ea73bf84708ea,benign,0
0xee284912623c8d2d8ddf5e052117c3852255d1e4,benign,0
0xee6f7f1ad539d2c30defb5298b305991853b5611,benign,0
0xf03e8a4619d2286947af3385c9a474d253392d36,benign,0
0xf0d61b8ea9bc3193fa43b8e4cdba5fabaa83f983,benign,0
0xf165add8e457bbcffea7de01c9220391009de98d,benign,0
0xf17cc5e498cce8cacf5bd5fa759f274f406136dd,benign,0
0xf279dfcdd57e1571c95e2c5b7e2ee453cbcdf77f,benign,0
0xf30ba13e4b04ce5dc4d254ae5fa95477800f0eb0,benign,0
0xf37393e75729204f2a071b7acb02136ba83d2438,benign,0
0xf3d33d5f4e95a1017676cda9eff9a920df473740,benign,0
0xf41300586910a8b481aa08667bd27d3146fbf120,benign,0
0xf4f3476c8ff5c862bb3716aed660c001107e9b57,benign,0
0xf51710015536957a01f32558402902a2d9c35d82,benign,0
0xf57ad7def33e97d18c6a33a0811649e50a3c3b1c,benign,0
0xf5dd4d038a6b250c8495724df7369eed38b5d31a,benign,0
0xf5ec2467527803e2c436da7cd3f969932405d6d0,benign,0
0xf5f3ef3787a1c068c8cafef35f07fa784977bea1,benign,0
0xf62b8be322dc4eacf8361934b2b9612756139ed0,benign,0
0xf6b5cc86dfd01fea8496544341e1224a9efb3d12,benign,0
0xf703fd64093b50797abdc9e450632240fa2ba5d4,benign,0
0xf70da97812cb96acdf810712aa562db8dfa3dbef,benign,0
0xf77f53c7c2f930b5fac7e00a99f94ab3639533e7,benign,0
0xf78b2eda7c1e20ff9906b31fe3612195bce9d6ce,benign,0
0xf7fc6b66850ed33c7efed77dc692308184ca8f74,benign,0
0xf816c17ce244338fb9402c13d4e3222774a2c1a7,benign,0
0xf84c9f6d59be057f60b484ceda185449848044e1,benign,0
0xf87b350dbf5a6e6c55f3aef0a29b144d8a549f2f,benign,0
0xf8b53a889e87cef9545500219df211025d70a5f6,benign,0
0xf8eadc2523ee05b498ada7d3e155d27815435905,benign,0
0xf958a7410f03acd8438004a2be6da50b710fc033,benign,0
0xf9e4faab0b92657933632413cb2a6d13be9b8778,benign,0
0xfac23270084c9f2e689474890e63f3abc71797ee,benign,0
0xfadca499cde34617ce10bcabe2debea13bb79ba2,benign,0
0xfc7f3c082f0b9b898b4970b0b21f18d175d4bc52,benign,0
0xfc9928f6590d853752824b0b403a6ae36785e535,benign,0
0xfca3a9b2407e1a8815d5dd36a1818a426a234c36,benign,0
0xfed291dc186dbdcbb6f5edee818c6cbdabd859c4,benign,0
